,acc_name,clean_name
0,"Roseburia_hominis_A2-183,",roseburia_hominis_a2-183
1,Veillonella_dispar_ATCC,veillonella_dispar_atcc
2,Fusobacterium_naviforme,fusobacterium_naviforme
3,Paenibacillus_taichungensis,paenibacillus_taichungensis
4,Blautia_obeum_ATCC,blautia_obeum_atcc
5,Paenibacillus_tuaregi,paenibacillus_tuaregi
6,Clostridium_grantii_DSM,clostridium_grantii_dsm
7,Clostridium_tepidiprofundi_DSM,clostridium_tepidiprofundi_dsm
8,Hydrogenoanaerobacterium_saccharovorans,hydrogenoanaerobacterium_saccharovorans
9,Paenibacillus_rubinfantis,paenibacillus_rubinfantis
10,Butyrivibrio_sp_AE2015,butyrivibrio_sp_ae2015
11,Tyzzerella_sp_An114,tyzzerella_sp_an114
12,Desulfosporosinus_sp_OT,desulfosporosinus_sp_ot
13,Clostridium_luticellarii,clostridium_luticellarii
14,Paenibacillus_sp_Soil787,paenibacillus_sp_soil787
15,Acetoanaerobium_noterae,acetoanaerobium_noterae
16,Paenibacillus_macerans,paenibacillus_macerans
17,Lachnobacterium_bovis,lachnobacterium_bovis
18,Clostridium_ljungdahlii_DSM,clostridium_ljungdahlii_dsm
19,Carboxydothermus_islandicus,carboxydothermus_islandicus
20,Clostridium_puniceum,clostridium_puniceum
21,Clostridium_felsineum_DSM,clostridium_felsineum_dsm
22,Alicyclobacillus_hesperidum,alicyclobacillus_hesperidum
23,Eubacterium_barkeri,eubacterium_barkeri
24,Proteiniborus_ethanoligenes,proteiniborus_ethanoligenes
25,Planifilum_fulgidum,planifilum_fulgidum
26,Paenibacillus_donghaensis,paenibacillus_donghaensis
27,Lachnobacterium_bovis_DSM,lachnobacterium_bovis_dsm
28,Tissierellia_bacterium_KA00581,tissierellia_bacterium_ka00581
29,Paenibacillus_glucanolyticus,paenibacillus_glucanolyticus
30,Peptoniphilus_sp_ING2-D1G,peptoniphilus_sp_ing2-d1g
31,Saccharibacillus_sacchari_DSM,saccharibacillus_sacchari_dsm
32,Paenibacillus_alvei_DSM,paenibacillus_alvei_dsm
33,Megamonas_hypermegale,megamonas_hypermegale
34,Clostridium_disporicum,clostridium_disporicum
35,Ezakiella_peruensis,ezakiella_peruensis
36,Paenibacillus_dendritiformis_C454,paenibacillus_dendritiformis_c454
37,Sporanaerobacter_sp_PP17-6a,sporanaerobacter_sp_pp17-6a
38,Paenibacillus_peoriae_KCTC,paenibacillus_peoriae_kctc
39,Anaeromicrobium_sediminis,anaeromicrobium_sediminis
40,Andreesenia_angusta,andreesenia_angusta
41,"Paenibacillus_sp_JDR-2,",paenibacillus_sp_jdr-2
42,Clostridium_sporogenes,clostridium_sporogenes
43,Vulcanibacillus_modesticaldus,vulcanibacillus_modesticaldus
44,Anaerococcus_marasmi,anaerococcus_marasmi
45,Clostridium_butyricum_DSM,clostridium_butyricum_dsm
46,Peptostreptococcus_sp_MV1,peptostreptococcus_sp_mv1
47,Romboutsia_timonensis,romboutsia_timonensis
48,Desulfofundulus_australicus_DSM,desulfofundulus_australicus_dsm
49,Lachnospiraceae_bacterium_P6A3,lachnospiraceae_bacterium_p6a3
50,Lachnospiraceae_bacterium_oral,lachnospiraceae_bacterium_oral
51,Sporanaerobacter_acetigenes_DSM,sporanaerobacter_acetigenes_dsm
52,Oribacterium_sp_P6A1,oribacterium_sp_p6a1
53,Selenomonas_sp_ND2010,selenomonas_sp_nd2010
54,Halanaerobium_saccharolyticum,halanaerobium_saccharolyticum
55,Candidatus_Soleaferrea_massiliensis,candidatus_soleaferrea_massiliensis
56,"Pseudobutyrivibrio_sp_NOR37,",pseudobutyrivibrio_sp_nor37
57,Butyrivibrio_hungatei,butyrivibrio_hungatei
58,Desulfosporosinus_sp_HMP52,desulfosporosinus_sp_hmp52
59,Bariatricus_massiliensis,bariatricus_massiliensis
60,Drancourtella_sp_An57,drancourtella_sp_an57
61,Butyrivibrio_sp_LC3010,butyrivibrio_sp_lc3010
62,Ruminococcus_flavefaciens_MA2007,ruminococcus_flavefaciens_ma2007
63,Clostridium_botulinum,clostridium_botulinum
64,Clostridium_sp_USBA,clostridium_sp_usba
65,Thermoanaerobacterium_sp_RBIITD,thermoanaerobacterium_sp_rbiitd
66,Anaerobutyricum_hallii_isolate,anaerobutyricum_hallii_isolate
67,Tepidibacter_mesophilus,tepidibacter_mesophilus
68,Ruminococcus_champanellensis_18P13,ruminococcus_champanellensis_18p13
69,Lachnospiraceae_bacterium,lachnospiraceae_bacterium
70,Anaerococcus_jeddahensis,anaerococcus_jeddahensis
71,Clostridium_cavendishii_DSM,clostridium_cavendishii_dsm
72,"Butyrivibrio_sp_Su6,",butyrivibrio_sp_su6
73,"Butyrivibrio_sp_INlla21,",butyrivibrio_sp_inlla21
74,Desulfonispora_thiosulfatigenes_DSM,desulfonispora_thiosulfatigenes_dsm
75,Clostridium_magnum_DSM,clostridium_magnum_dsm
76,Paenibacillus_sp_32352,paenibacillus_sp_32352
77,Peptoniphilus_senegalensis_JC140,peptoniphilus_senegalensis_jc140
78,Acidaminococcus_fermentans_DSM,acidaminococcus_fermentans_dsm
79,Clostridium_sp_DMHC,clostridium_sp_dmhc
80,Ruminiclostridium_sufflavum_DSM,ruminiclostridium_sufflavum_dsm
81,Desnuesiella_massiliensis,desnuesiella_massiliensis
82,Desulfosporosinus_sp_I2,desulfosporosinus_sp_i2
83,Paenibacillus_sophorae,paenibacillus_sophorae
84,"Butyrivibrio_sp_YAB3001,",butyrivibrio_sp_yab3001
85,Eubacterium_uniforme,eubacterium_uniforme
86,Clostridium_chauvoei,clostridium_chauvoei
87,"Paenibacillus_sp_GM2,",paenibacillus_sp_gm2
88,Melghirimyces_thermohalophilus,melghirimyces_thermohalophilus
89,Acetivibrio_ethanolgignens,acetivibrio_ethanolgignens
90,Urinicoccus_massiliensis,urinicoccus_massiliensis
91,Lachnospiraceae_bacterium_AC2028,lachnospiraceae_bacterium_ac2028
92,Kyrpidia_tusciae_DSM,kyrpidia_tusciae_dsm
93,Abyssisolibacter_fermentans,abyssisolibacter_fermentans
94,Faecalicatena_orotica,faecalicatena_orotica
95,Clostridium_sartagoforme_AAU1,clostridium_sartagoforme_aau1
96,Paenibacillus_nuruki,paenibacillus_nuruki
97,"Clostridia_bacterium_UC5.1-1D10,",clostridia_bacterium_uc5.1-1d10
98,Marininema_halotolerans,marininema_halotolerans
99,Eubacterium_ramulus_ATCC,eubacterium_ramulus_atcc
100,"Anaerococcus_obesiensis_ph10,",anaerococcus_obesiensis_ph10
101,Oribacterium_sp_C9,oribacterium_sp_c9
102,Butyrivibrio_sp_AC2005,butyrivibrio_sp_ac2005
103,Ruminococcus_flavefaciens,ruminococcus_flavefaciens
104,Peptoniphilus_sp_oral,peptoniphilus_sp_oral
105,Paenibacillus_sp_VTT,paenibacillus_sp_vtt
106,Caloranaerobacter_sp_TR13,caloranaerobacter_sp_tr13
107,Calditerricola_satsumensis_JCM,calditerricola_satsumensis_jcm
108,Mediterraneibacter_massiliensis,mediterraneibacter_massiliensis
109,Peptoniphilus_vaginalis,peptoniphilus_vaginalis
110,Clostridium_cylindrosporum_DSM,clostridium_cylindrosporum_dsm
111,Caloramator_fervidus,caloramator_fervidus
112,Paenibacillus_sp_AD87,paenibacillus_sp_ad87
113,Veillonella_sp_DNF00869,veillonella_sp_dnf00869
114,Clostridium_cadaveris_AGR2141,clostridium_cadaveris_agr2141
115,Desulfitobacterium_dichloroeliminans_LMG,desulfitobacterium_dichloroeliminans_lmg
116,Mogibacterium_diversum,mogibacterium_diversum
117,Agathobaculum_desmolans_ATCC,agathobaculum_desmolans_atcc
118,Ruminococcus_gauvreauii_DSM,ruminococcus_gauvreauii_dsm
119,Caldicoprobacter_oshimai_DSM,caldicoprobacter_oshimai_dsm
120,Paenibacillus_sp_A3,paenibacillus_sp_a3
121,Anaerostipes_hadrus_DSM,anaerostipes_hadrus_dsm
122,"Caldicellulosiruptor_kronotskyensis_2002,",caldicellulosiruptor_kronotskyensis_2002
123,Tissierella_praeacuta_DSM,tissierella_praeacuta_dsm
124,Clostridium_formicaceticum,clostridium_formicaceticum
125,Lachnospiraceae_bacterium_NC2004,lachnospiraceae_bacterium_nc2004
126,Paenibacillus_xylanexedens,paenibacillus_xylanexedens
127,methylpentosum_DSM_5476,methylpentosum_dsm_5476
128,Eubacterium_sulci_ATCC,eubacterium_sulci_atcc
129,Pseudoclostridium_thermosuccinogenes,pseudoclostridium_thermosuccinogenes
130,Butyrivibrio_sp_LB2008,butyrivibrio_sp_lb2008
131,Paenibacillus_jilunlii,paenibacillus_jilunlii
132,Butyrivibrio_sp_NC3005,butyrivibrio_sp_nc3005
133,Dorea_sp_D27,dorea_sp_d27
134,Clostridium_sp_KNHs205,clostridium_sp_knhs205
135,"Carboxydothermus_hydrogenoformans_Z-2901,",carboxydothermus_hydrogenoformans_z-2901
136,Thermoclostridium_stercorarium_subsp.,thermoclostridium_stercorarium_subsp.
137,Paenibacillus_ihuae,paenibacillus_ihuae
138,Paenibacillus_sambharensis,paenibacillus_sambharensis
139,Anaerococcus_hydrogenalis_DSM,anaerococcus_hydrogenalis_dsm
140,Clostridium_oryzae,clostridium_oryzae
141,Paenibacillus_amylolyticus,paenibacillus_amylolyticus
142,Gottschalkia_purinilytica,gottschalkia_purinilytica
143,Clostridioides_mangenotii_TR,clostridioides_mangenotii_tr
144,Lachnospiraceae_bacterium_AC2029,lachnospiraceae_bacterium_ac2029
145,"Anaerosalibacter_massiliensis,_whole",anaerosalibacter_massiliensis_whole
146,Thermoanaerobacterium_saccharolyticum,thermoanaerobacterium_saccharolyticum
147,Moorella_stamsii,moorella_stamsii
148,Pseudoflavonifractor_sp_An44,pseudoflavonifractor_sp_an44
149,Desulfallas_geothermicus_DSM,desulfallas_geothermicus_dsm
150,Megasphaera_sp_MJR8396C,megasphaera_sp_mjr8396c
151,Acetobacterium_sp_KB-1,acetobacterium_sp_kb-1
152,Desulfallas_alcoholivorax_DSM,desulfallas_alcoholivorax_dsm
153,Eubacterium_pyruvativorans,eubacterium_pyruvativorans
154,Clostridium_acidisoli_DSM,clostridium_acidisoli_dsm
155,Paenibacillus_fonticola_DSM,paenibacillus_fonticola_dsm
156,Anaerotignum_propionicum_DSM,anaerotignum_propionicum_dsm
157,Paenibacillus_oryzae,paenibacillus_oryzae
158,Paenibacillus_assamensis_DSM,paenibacillus_assamensis_dsm
159,Paenibacillus_senegalimassiliensis,paenibacillus_senegalimassiliensis
160,Thermaerobacter_subterraneus_DSM,thermaerobacter_subterraneus_dsm
161,Brevibacillus_laterosporus_LMG,brevibacillus_laterosporus_lmg
162,Blautia_wexlerae_DSM,blautia_wexlerae_dsm
163,Desulfotomaculum_arcticum_DSM,desulfotomaculum_arcticum_dsm
164,Butyrivibrio_proteoclasticus,butyrivibrio_proteoclasticus
165,"citroniae_WAL-17108_supercont1.1,",citroniae_wal-17108_supercont1.1
166,Anaerotruncus_massiliensis,anaerotruncus_massiliensis
167,Hydrogenibacillus_schlegelii,hydrogenibacillus_schlegelii
168,Veillonella_rodentium,veillonella_rodentium
169,Ruthenibacterium_lactatiformans,ruthenibacterium_lactatiformans
170,"Paenibacillus_sp_NAIST15-1,",paenibacillus_sp_naist15-1
171,Dialister_invisus_DSM,dialister_invisus_dsm
172,"Caloramator_australicus_RC3,",caloramator_australicus_rc3
173,Mogibacterium_timidum_ATCC,mogibacterium_timidum_atcc
174,Mediterraneibacter_glycyrrhizinilyticus_JCM,mediterraneibacter_glycyrrhizinilyticus_jcm
175,Tissierella_sp_P1,tissierella_sp_p1
176,Lachnoclostridium_sp_An118,lachnoclostridium_sp_an118
177,Hathewaya_proteolytica_DSM,hathewaya_proteolytica_dsm
178,Paenibacillus_tyrfis,paenibacillus_tyrfis
179,Paenibacillus_sp_MAEPY2,paenibacillus_sp_maepy2
180,Selenomonas_bovis_DSM,selenomonas_bovis_dsm
181,"Clostridium_arbusti_SL206,",clostridium_arbusti_sl206
182,Anaeroglobus_geminatus_F0357,anaeroglobus_geminatus_f0357
183,Flavonifractor_sp_An112,flavonifractor_sp_an112
184,Thermotalea_metallivorans,thermotalea_metallivorans
185,Clostridium_bornimense,clostridium_bornimense
186,Petroclostridium_xylanilyticum,petroclostridium_xylanilyticum
187,Paenibacillus_sp_DCT19,paenibacillus_sp_dct19
188,Megasphaera_sp_NM10,megasphaera_sp_nm10
189,Finegoldia_magna,finegoldia_magna
190,Desulfovirgula_thermocuniculi_DSM,desulfovirgula_thermocuniculi_dsm
191,Parvimonas_sp_oral,parvimonas_sp_oral
192,Clostridium_lundense_DSM,clostridium_lundense_dsm
193,Lachnospiraceae_bacterium_AB2028,lachnospiraceae_bacterium_ab2028
194,Desulfuribacillus_stibiiarsenatis,desulfuribacillus_stibiiarsenatis
195,Clostridium_merdae,clostridium_merdae
196,"Ammonifex_degensii_KC4,",ammonifex_degensii_kc4
197,Clostridiales_bacterium_KA00134,clostridiales_bacterium_ka00134
198,Vallitalea_okinawensis,vallitalea_okinawensis
199,Paenibacillus_sp_JCM,paenibacillus_sp_jcm
200,Paenibacillus_silvae,paenibacillus_silvae
201,Syntrophobotulus_glycolicus_DSM,syntrophobotulus_glycolicus_dsm
202,Bacillus_sp_FJAT-26390,bacillus_sp_fjat-26390
203,Dorea_longicatena_DSM,dorea_longicatena_dsm
204,scindens_ATCC_35704,scindens_atcc_35704
205,"Lachnospiraceae_bacterium_Marseille-P3773,",lachnospiraceae_bacterium_marseille-p3773
206,Clostridium_polynesiense,clostridium_polynesiense
207,Flavonifractor_plautii_ATCC,flavonifractor_plautii_atcc
208,Clostridium_collagenovorans_DSM,clostridium_collagenovorans_dsm
209,Paenibacillus_sp_IHBB,paenibacillus_sp_ihbb
210,Ruminococcus_sp_FC2018,ruminococcus_sp_fc2018
211,"Paenibacillus_sp_DMB5,",paenibacillus_sp_dmb5
212,Desulfosporosinus_lacus_DSM,desulfosporosinus_lacus_dsm
213,Paenibacillus_swuensis,paenibacillus_swuensis
214,Sarcina_sp_DSM,sarcina_sp_dsm
215,Peptoniphilus_sp_BV3C26,peptoniphilus_sp_bv3c26
216,Veillonella_dispar,veillonella_dispar
217,Lachnoclostridium_sp_An181,lachnoclostridium_sp_an181
218,Lachnospiraceae_bacterium_A4,lachnospiraceae_bacterium_a4
219,Cellulosilyticum_ruminicola_JCM,cellulosilyticum_ruminicola_jcm
220,Clostridiales_bacterium_CHKCI001,clostridiales_bacterium_chkci001
221,Clostridium_intestinale_DSM,clostridium_intestinale_dsm
222,Alkaliphilus_peptidifermentans_DSM,alkaliphilus_peptidifermentans_dsm
223,Selenomonas_sputigena_ATCC,selenomonas_sputigena_atcc
224,Fenollaria_timonensis,fenollaria_timonensis
225,Drancourtella_sp_An210,drancourtella_sp_an210
226,Desulfosporosinus_hippei_DSM,desulfosporosinus_hippei_dsm
227,Paenibacillus_beijingensis,paenibacillus_beijingensis
228,Lachnospiraceae_bacterium_A2,lachnospiraceae_bacterium_a2
229,Hungatella_hathewayi_WAL-18680,hungatella_hathewayi_wal-18680
230,"Cellulosilyticum_sp_I15G10I2,",cellulosilyticum_sp_i15g10i2
231,Cohnella_sp_SGD-V74,cohnella_sp_sgd-v74
232,Flavonifractor_sp_An100,flavonifractor_sp_an100
233,Monoglobus_pectinilyticus,monoglobus_pectinilyticus
234,Caloramator_proteoclasticus_DSM,caloramator_proteoclasticus_dsm
235,Anaerococcus_prevotii_DSM,anaerococcus_prevotii_dsm
236,"eligens_ATCC_27750,",eligens_atcc_27750
237,Hungateiclostridium_cellulolyticum_CD2,hungateiclostridium_cellulolyticum_cd2
238,Massilibacillus_massiliensis,massilibacillus_massiliensis
239,Neglecta_timonensis,neglecta_timonensis
240,Lachnospiraceae_bacterium_FE2018,lachnospiraceae_bacterium_fe2018
241,Caminicella_sporogenes_DSM,caminicella_sporogenes_dsm
242,Fusicatenibacter_saccharivorans,fusicatenibacter_saccharivorans
243,"Clostridiales_bacterium_Marseille-P2846,",clostridiales_bacterium_marseille-p2846
244,Paenibacillus_gorillae_isolate,paenibacillus_gorillae_isolate
245,Ruminococcus_albus,ruminococcus_albus
246,Ruminococcaceae_bacterium_AB4001,ruminococcaceae_bacterium_ab4001
247,"Ruminiclostridium_cellulolyticum_H10,",ruminiclostridium_cellulolyticum_h10
248,Desulfotomaculum_hydrothermale_Lam5,desulfotomaculum_hydrothermale_lam5
249,Selenomonas_ruminantium_subsp.,selenomonas_ruminantium_subsp.
250,"Lachnospiraceae_bacterium_NE2001,",lachnospiraceae_bacterium_ne2001
251,Paenibacillus_selenitireducens,paenibacillus_selenitireducens
252,Anaeromassilibacillus_sp_An200,anaeromassilibacillus_sp_an200
253,GCF_001298735.1_2_2,propionispora_sp_2/2-37
254,Acetanaerobacterium_elongatum,acetanaerobacterium_elongatum
255,Cohnella_kolymensis,cohnella_kolymensis
256,Desulfitobacterium_chlororespirans_DSM,desulfitobacterium_chlororespirans_dsm
257,Murdochiella_massiliensis,murdochiella_massiliensis
258,Clostridium_senegalense_JC122,clostridium_senegalense_jc122
259,Clostridium_tetanomorphum,clostridium_tetanomorphum
260,"Clostridium_ihumii_AP5,",clostridium_ihumii_ap5
261,Acetobacterium_dehalogenans_DSM,acetobacterium_dehalogenans_dsm
262,Paenibacillus_lautus,paenibacillus_lautus
263,Oscillibacter_sp_1-3,oscillibacter_sp_1-3
264,Paenibacillus_ginsengihumi_DSM,paenibacillus_ginsengihumi_dsm
265,Phocea_massiliensis,phocea_massiliensis
266,Paenibacillus_sp_XY044,paenibacillus_sp_xy044
267,polysaccharolyticum_DSM,polysaccharolyticum_dsm
268,Coprococcus_comes_ATCC,coprococcus_comes_atcc
269,Selenomonas_sp_FOBRC6,selenomonas_sp_fobrc6
270,Ruminococcus_sp_HUN007,ruminococcus_sp_hun007
271,"Paenibacillus_sp_yr247,",paenibacillus_sp_yr247
272,torques_ATCC_27756,torques_atcc_27756
273,Paenibacillus_wulumuqiensis,paenibacillus_wulumuqiensis
274,Clostridium_sp_AT4,clostridium_sp_at4
275,Acidaminococcus_massiliensis,acidaminococcus_massiliensis
276,Brevibacillus_brevis,brevibacillus_brevis
277,Clostridium_sp_Marseille-P2415,clostridium_sp_marseille-p2415
278,Paenibacillus_bovis,paenibacillus_bovis
279,Clostridium_beijerinckii,clostridium_beijerinckii
280,Thermincola_ferriacetica,thermincola_ferriacetica
281,Caldanaerobacter_subterraneus_subsp.,caldanaerobacter_subterraneus_subsp.
282,Clostridiales_bacterium_oral,clostridiales_bacterium_oral
283,"Caldicellulosiruptor_hydrothermalis_108,",caldicellulosiruptor_hydrothermalis_108
284,Mahella_australiensis_50-1,mahella_australiensis_50-1
285,Gemmiger_sp_An87,gemmiger_sp_an87
286,Desulfofarcimen_acetoxidans_DSM,desulfofarcimen_acetoxidans_dsm
287,Brevibacillus_parabrevis,brevibacillus_parabrevis
288,"Paenibacillus_sp_NFR01,",paenibacillus_sp_nfr01
289,Coprococcus_sp_HPP0074,coprococcus_sp_hpp0074
290,Thermacetogenium_phaeum_DSM,thermacetogenium_phaeum_dsm
291,Clostridium_acetireducens_DSM,clostridium_acetireducens_dsm
292,Garciella_nitratireducens_DSM,garciella_nitratireducens_dsm
293,cellulosi_genome_assembly,cellulosi_genome_assembly
294,Geosporobacter_ferrireducens,geosporobacter_ferrireducens
295,Lacrimispora_amygdalina_isolate,lacrimispora_amygdalina_isolate
296,Desulfotomaculum_aeronauticum_DSM,desulfotomaculum_aeronauticum_dsm
297,Enterocloster_clostridioformis,enterocloster_clostridioformis
298,Clostridium_argentinense_CDC,clostridium_argentinense_cdc
299,Anaeromassilibacillus_sp_An172,anaeromassilibacillus_sp_an172
300,Paenibacillus_apiarius,paenibacillus_apiarius
301,Youngiibacter_fragilis_232.1,youngiibacter_fragilis_232.1
302,Paenibacillus_contaminans,paenibacillus_contaminans
303,Lachnospiraceae_bacterium_3-1,lachnospiraceae_bacterium_3-1
304,Cohnella_sp_OV312,cohnella_sp_ov312
305,Selenomonas_noxia_ATCC,selenomonas_noxia_atcc
306,Hungateiclostridium_thermocellum_ATCC,hungateiclostridium_thermocellum_atcc
307,Thermanaeromonas_toyohensis_ToBE,thermanaeromonas_toyohensis_tobe
308,Megamonas_funiformis_YIT,megamonas_funiformis_yit
309,Eubacterium_sp_An11,eubacterium_sp_an11
310,Catonella_morbi_ATCC,catonella_morbi_atcc
311,"Megasphaera_sp_Marseille-P4857,",megasphaera_sp_marseille-p4857
312,Veillonellaceae_bacterium_DNF00626,veillonellaceae_bacterium_dnf00626
313,Agathobaculum_butyriciproducens,agathobaculum_butyriciproducens
314,Desulfitibacter_alkalitolerans_DSM,desulfitibacter_alkalitolerans_dsm
315,Provencibacterium_massiliense,provencibacterium_massiliense
316,Neofamilia_massiliensis,neofamilia_massiliensis
317,Eubacterium_ruminantium,eubacterium_ruminantium
318,Alicyclobacillus_pomorum_DSM,alicyclobacillus_pomorum_dsm
319,Alicyclobacillus_contaminans_DSM,alicyclobacillus_contaminans_dsm
320,Desulfofundulus_thermosubterraneus_DSM,desulfofundulus_thermosubterraneus_dsm
321,Acidibacillus_ferrooxidans,acidibacillus_ferrooxidans
322,Caldanaerovirga_acetigignens,caldanaerovirga_acetigignens
323,Selenomonas_infelix_ATCC,selenomonas_infelix_atcc
324,Paenibacillus_borealis,paenibacillus_borealis
325,Candidatus_Desulforudis_audaxviator,candidatus_desulforudis_audaxviator
326,Paenibacillus_sp_Root52,paenibacillus_sp_root52
327,sphenoides_JCM_1415,sphenoides_jcm_1415
328,Lachnoclostridium_edouardi,lachnoclostridium_edouardi
329,Angelakisella_massiliensis,angelakisella_massiliensis
330,"Paenibacillus_sp_TCA20,",paenibacillus_sp_tca20
331,Clostridium_sp_Marseille-P2538,clostridium_sp_marseille-p2538
332,Clostridium_sp_DL-VIII,clostridium_sp_dl-viii
333,Butyrivibrio_proteoclasticus_B316,butyrivibrio_proteoclasticus_b316
334,Desulfotomaculum_copahuensis,desulfotomaculum_copahuensis
335,"Lachnospiraceae_bacterium_XBD2001,",lachnospiraceae_bacterium_xbd2001
336,Flavonifractor_sp_An92,flavonifractor_sp_an92
337,Peptoniphilus_lacrimalis_DSM,peptoniphilus_lacrimalis_dsm
338,lactaris_ATCC_29176,lactaris_atcc_29176
339,"Peptoniphilus_grossensis_ph5,",peptoniphilus_grossensis_ph5
340,Clostridium_kluyveri_DSM,clostridium_kluyveri_dsm
341,Syntrophomonas_wolfei_subsp.,syntrophomonas_wolfei_subsp.
342,Paenibacillus_sp_Soil750,paenibacillus_sp_soil750
343,Paenibacillus_taiwanensis_DSM,paenibacillus_taiwanensis_dsm
344,Defluviitalea_phaphyphila,defluviitalea_phaphyphila
345,"cellulosolvens_LD2006_T358DRAFT_scaffold00001.1,",cellulosolvens_ld2006_t358draft_scaffold00001.1
346,Clostridium_pasteurianum_DSM,clostridium_pasteurianum_dsm
347,Moorella_thermoacetica,moorella_thermoacetica
348,Clostridium_akagii_DSM,clostridium_akagii_dsm
349,Parvimonas_sp_KA00067,parvimonas_sp_ka00067
350,Limnochorda_pilosa,limnochorda_pilosa
351,"Lachnospiraceae_bacterium_C10,",lachnospiraceae_bacterium_c10
352,Clostridium_saudiense,clostridium_saudiense
353,Alkalibacter_saccharofermentans_DSM,alkalibacter_saccharofermentans_dsm
354,Sellimonas_intestinalis,sellimonas_intestinalis
355,Lachnoanaerobaculum_saburreum_DSM,lachnoanaerobaculum_saburreum_dsm
356,Clostridium_tertium_isolate,clostridium_tertium_isolate
357,Roseburia_faecis,roseburia_faecis
358,Helcococcus_sueciensis_DSM,helcococcus_sueciensis_dsm
359,Butyrivibrio_sp_MC2013,butyrivibrio_sp_mc2013
360,Clostridium_amylolyticum,clostridium_amylolyticum
361,Ruminiclostridium_papyrosolvens_C7,ruminiclostridium_papyrosolvens_c7
362,Paenibacillus_campinasensis,paenibacillus_campinasensis
363,Blautia_sp_An81,blautia_sp_an81
364,Brevibacillus_formosus,brevibacillus_formosus
365,Clostridiales_bacterium_S5-A14a,clostridiales_bacterium_s5-a14a
366,Lachnospiraceae_bacterium_MD335,lachnospiraceae_bacterium_md335
367,Anaerobranca_californiensis_DSM,anaerobranca_californiensis_dsm
368,Negativibacillus_massiliensis,negativibacillus_massiliensis
369,Schwartzia_succinivorans_DSM,schwartzia_succinivorans_dsm
370,Sulfobacillus_thermosulfidooxidans_DSM,sulfobacillus_thermosulfidooxidans_dsm
371,"cellulosolvens_6_chromosome,",cellulosolvens_6_chromosome
372,Thermicanus_aegyptius_DSM,thermicanus_aegyptius_dsm
373,Peptoniphilus_phoceensis,peptoniphilus_phoceensis
374,Eubacterium_brachy_ATCC,eubacterium_brachy_atcc
375,Stomatobaculum_longum,stomatobaculum_longum
376,Geosporobacter_subterraneus_DSM,geosporobacter_subterraneus_dsm
377,"Clostridiales_bacterium_VE202-21,",clostridiales_bacterium_ve202-21
378,Terrisporobacter_glycolicus,terrisporobacter_glycolicus
379,Bacteroides_xylanolyticus,bacteroides_xylanolyticus
380,Ruminococcus_flavefaciens_AE3010,ruminococcus_flavefaciens_ae3010
381,"Cohnella_sp_6021052837,",cohnella_sp_6021052837
382,Paenibacillus_sp_D9,paenibacillus_sp_d9
383,Agathobacter_ruminis,agathobacter_ruminis
384,Dethiobacter_alkaliphilus_AHT,dethiobacter_alkaliphilus_aht
385,Neobitarella_massiliensis,neobitarella_massiliensis
386,"Paenibacillus_sp_GP183,",paenibacillus_sp_gp183
387,Levyella_massiliensis,levyella_massiliensis
388,Clostridium_peptidivorans_isolate,clostridium_peptidivorans_isolate
389,hiranonis_DSM_13275,hiranonis_dsm_13275
390,Clostridium_drakei,clostridium_drakei
391,Johnsonella_ignava_ATCC,johnsonella_ignava_atcc
392,Eubacterium_nodatum_ATCC,eubacterium_nodatum_atcc
393,Filifactor_alocis_ATCC,filifactor_alocis_atcc
394,Clostridium_aceticum,clostridium_aceticum
395,Ezakiella_massiliensis,ezakiella_massiliensis
396,Lachnospiraceae_bacterium_P6B14,lachnospiraceae_bacterium_p6b14
397,Lachnospiraceae_bacterium_AC3007,lachnospiraceae_bacterium_ac3007
398,Desulfotomaculum_putei_DSM,desulfotomaculum_putei_dsm
399,Paenibacillus_pectinilyticus,paenibacillus_pectinilyticus
400,sporosphaeroides_DSM_1294,sporosphaeroides_dsm_1294
401,Anaerococcus_lactolyticus_ATCC,anaerococcus_lactolyticus_atcc
402,Thermoanaerobacter_kivui,thermoanaerobacter_kivui
403,Peptostreptococcaceae_bacterium_VA2,peptostreptococcaceae_bacterium_va2
404,"Paenibacillus_sp_UNC499MF,",paenibacillus_sp_unc499mf
405,Ndongobacter_massiliensis,ndongobacter_massiliensis
406,Lutispora_thermophila_DSM,lutispora_thermophila_dsm
407,Tumebacillus_avium,tumebacillus_avium
408,"Peptoniphilus_timonensis_JC401,",peptoniphilus_timonensis_jc401
409,"Pseudobutyrivibrio_sp_OR37,",pseudobutyrivibrio_sp_or37
410,Thermobrachium_celere_DSM,thermobrachium_celere_dsm
411,Endosymbiont_TC1_of,endosymbiont_'tc1'_of
412,Blautia_hominis,blautia_hominis
413,Anaerotignum_lactatifermentans_DSM,anaerotignum_lactatifermentans_dsm
414,Alicyclobacillus_macrosporangiidus,alicyclobacillus_macrosporangiidus
415,"celerecrescens_18A_H171DRAFT_unitig_0_quiver.1,",celerecrescens_18a_h171draft_unitig_0_quiver.1
416,Faecalicatena_contorta,faecalicatena_contorta
417,"Pseudobutyrivibrio_sp_ACV-2,",pseudobutyrivibrio_sp_acv-2
418,"Clostridium_cellulovorans_743B,",clostridium_cellulovorans_743b
419,Planifilum_fimeticola,planifilum_fimeticola
420,Clostridium_sulfidigenes,clostridium_sulfidigenes
421,Herbinix_hemicellulosilytica_isolate,herbinix_hemicellulosilytica_isolate
422,Colibacter_massiliensis,colibacter_massiliensis
423,Paenibacillus_sanguinis_2301083,paenibacillus_sanguinis_2301083
424,Butyrivibrio_sp_VCD2006,butyrivibrio_sp_vcd2006
425,Paenibacillus_graminis,paenibacillus_graminis
426,Miniphocibacter_massiliensis,miniphocibacter_massiliensis
427,"clostridioforme_AGR2157_G614DRAFT_scaffold00001.1,",clostridioforme_agr2157_g614draft_scaffold00001.1
428,Peptococcus_niger,peptococcus_niger
429,Dehalobacter_restrictus_DSM,dehalobacter_restrictus_dsm
430,Clostridium_ragsdalei_P11,clostridium_ragsdalei_p11
431,"Ruminococcaceae_bacterium_KH2T8,",ruminococcaceae_bacterium_kh2t8
432,Pelosinus_fermentans_DSM,pelosinus_fermentans_dsm
433,Dehalobacterium_formicoaceticum,dehalobacterium_formicoaceticum
434,Enterocloster_bolteae,enterocloster_bolteae
435,Fenollaria_massiliensis,fenollaria_massiliensis
436,Lachnospiraceae_bacterium_C6A11,lachnospiraceae_bacterium_c6a11
437,Paenibacillus_cellulosilyticus,paenibacillus_cellulosilyticus
438,Clostridium_scatologenes,clostridium_scatologenes
439,"Lachnospiraceae_bacterium_XPB1003,",lachnospiraceae_bacterium_xpb1003
440,Anaerococcus_mediterraneensis,anaerococcus_mediterraneensis
441,"Paenibacillus_sp_Marseille-P3787,",paenibacillus_sp_marseille-p3787
442,Clostridium_sp_L74,clostridium_sp_l74
443,Lachnoanaerobaculum_umeaense,lachnoanaerobaculum_umeaense
444,Thermaerobacter_marianensis_DSM,thermaerobacter_marianensis_dsm
445,Paenibacillus_forsythiae_T98,paenibacillus_forsythiae_t98
446,Ruminococcus_sp_NK3A76,ruminococcus_sp_nk3a76
447,Paenibacillus_odorifer,paenibacillus_odorifer
448,Clostridium_homopropionicum_DSM,clostridium_homopropionicum_dsm
449,Paenibacillus_montanisoli,paenibacillus_montanisoli
450,Peptoclostridium_acidaminophilum_DSM,peptoclostridium_acidaminophilum_dsm
451,Ruminococcus_flavefaciens_MC2020,ruminococcus_flavefaciens_mc2020
452,"Clostridium_novyi_NT,",clostridium_novyi_nt
453,Paenibacillus_terrigena_DSM,paenibacillus_terrigena_dsm
454,Dorea_sp_5-2,dorea_sp_5-2
455,Veillonella_magna_DSM,veillonella_magna_dsm
456,Anaerovibrio_sp_JC8,anaerovibrio_sp_jc8
457,Eubacterium_saphenum_ATCC,eubacterium_saphenum_atcc
458,Lachnoclostridium_sp_SNUG30386,lachnoclostridium_sp_snug30386
459,Eubacterium_limosum,eubacterium_limosum
460,Anaerovorax_odorimutans_DSM,anaerovorax_odorimutans_dsm
461,Lachnoclostridium_sp_An138,lachnoclostridium_sp_an138
462,Lachnoclostridium_sp_An196,lachnoclostridium_sp_an196
463,Paenibacillus_illinoisensis,paenibacillus_illinoisensis
464,Clostridiales_bacterium,clostridiales_bacterium
465,Thermoanaerobacter_uzonensis_DSM,thermoanaerobacter_uzonensis_dsm
466,Peptoniphilus_harei_ACS-146-V-Sch2b,peptoniphilus_harei_acs-146-v-sch2b
467,Anaeroarcus_burkinensis_DSM,anaeroarcus_burkinensis_dsm
468,"Ruminococcaceae_bacterium_YRB3002,",ruminococcaceae_bacterium_yrb3002
469,"Anaeromassilibacillus_sp_Marseille-P4683,",anaeromassilibacillus_sp_marseille-p4683
470,Shuttleworthia_satelles_DSM,shuttleworthia_satelles_dsm
471,Paraclostridium_benzoelyticum,paraclostridium_benzoelyticum
472,Parvimonas_micra_ATCC,parvimonas_micra_atcc
473,Lachnoanaerobaculum_saburreum,lachnoanaerobaculum_saburreum
474,Veillonella_rogosae_JCM,veillonella_rogosae_jcm
475,Halanaerobium_salsuginis,halanaerobium_salsuginis
476,Paenibacillus_sp_A59,paenibacillus_sp_a59
477,Fervidicella_metallireducens_AeB,fervidicella_metallireducens_aeb
478,Lachnospiraceae_bacterium_V9D3004,lachnospiraceae_bacterium_v9d3004
479,Lachnoclostridium_phytofermentans,lachnoclostridium_phytofermentans
480,Paenibacillus_sp_PAMC,paenibacillus_sp_pamc
481,Peptoniphilus_rhinitidis_1-13,peptoniphilus_rhinitidis_1-13
482,"Caldicellulosiruptor_lactoaceticus_6A,",caldicellulosiruptor_lactoaceticus_6a
483,Clostridiaceae_bacterium_14S0207,clostridiaceae_bacterium_14s0207
484,Gemmiger_sp_An120,gemmiger_sp_an120
485,Oscillibacter_sp_ER4,oscillibacter_sp_er4
486,Acetitomaculum_ruminis_DSM,acetitomaculum_ruminis_dsm
487,Clostridioides_difficile_CD160,clostridioides_difficile_cd160
488,Paenibacillus_sp_HW567,paenibacillus_sp_hw567
489,Oribacterium_sp_NK2B42,oribacterium_sp_nk2b42
490,Lachnotalea_glycerini,lachnotalea_glycerini
491,"Paenibacillus_sp_UNC496MF,",paenibacillus_sp_unc496mf
492,Desulfitobacterium_metallireducens_DSM,desulfitobacterium_metallireducens_dsm
493,Maledivibacter_halophilus,maledivibacter_halophilus
494,aerotolerans_DSM_5434,aerotolerans_dsm_5434
495,Clostridium_sp_chh4-2,clostridium_sp_chh4-2
496,Acidaminococcus_provencensis,acidaminococcus_provencensis
497,Halanaerobium_praevalens_DSM,halanaerobium_praevalens_dsm
498,Clostridium_tepidum,clostridium_tepidum
499,Hungateiclostridium_clariflavum_DSM,hungateiclostridium_clariflavum_dsm
500,Ruminococcus_flavefaciens_ATCC,ruminococcus_flavefaciens_atcc
501,Melghirimyces_profundicolus,melghirimyces_profundicolus
502,Dialister_micraerophilus_DSM,dialister_micraerophilus_dsm
503,Paenibacillus_ehimensis_A2,paenibacillus_ehimensis_a2
504,Caldalkalibacillus_thermarum_TA2.A1,caldalkalibacillus_thermarum_ta2.a1
505,hylemonae_DSM_15053,hylemonae_dsm_15053
506,Anaerosphaera_aminiphila_DSM,anaerosphaera_aminiphila_dsm
507,Paenibacillus_herberti,paenibacillus_herberti
508,indolis_DSM_755,indolis_dsm_755
509,Allisonella_histaminiformans,allisonella_histaminiformans
510,Paenibacillus_sp_EZ-K15,paenibacillus_sp_ez-k15
511,Butyrivibrio_fibrisolvens,butyrivibrio_fibrisolvens
512,Massilimaliae_timonensis,massilimaliae_timonensis
513,Anaerosalibacter_sp_Marseille-P3206,anaerosalibacter_sp_marseille-p3206
514,Clostridium_celatum_DSM,clostridium_celatum_dsm
515,Clostridium_sp_ASF356,clostridium_sp_asf356
516,Lachnospiraceae_bacterium_NK4A179,lachnospiraceae_bacterium_nk4a179
517,Lacrimispora_celerecrescens,lacrimispora_celerecrescens
518,Paenibacillus_ferrarius,paenibacillus_ferrarius
519,Haloimpatiens_massiliensis,haloimpatiens_massiliensis
520,Clostridium_saccharobutylicum_DSM,clostridium_saccharobutylicum_dsm
521,Lachnospira_multipara_LB2003,lachnospira_multipara_lb2003
522,Lachnospira_multipara_ATCC,lachnospira_multipara_atcc
523,Clostridium_carboxidivorans_P7,clostridium_carboxidivorans_p7
524,Pelosinus_propionicus_DSM,pelosinus_propionicus_dsm
525,Alterileibacterium_massiliense,alterileibacterium_massiliense
526,Effusibacillus_lacus,effusibacillus_lacus
527,Ruminiclostridium_hungatei,ruminiclostridium_hungatei
528,"Anaerococcus_sp_Marseille-P3915,",anaerococcus_sp_marseille-p3915
529,Faecalibacterium_prausnitzii_A2-165,faecalibacterium_prausnitzii_a2-165
530,paradoxum_JW-YL-7_=,paradoxum_jw-yl-7_=
531,Sporobacter_termitidis_DSM,sporobacter_termitidis_dsm
532,Eubacterium_oxidoreducens,eubacterium_oxidoreducens
533,Anaerovibrio_lipolyticus_LB2005,anaerovibrio_lipolyticus_lb2005
534,Brevibacillus_choshinensis,brevibacillus_choshinensis
535,Alicyclobacillus_acidiphilus_NBRC,alicyclobacillus_acidiphilus_nbrc
536,Paenibacillus_darwinianus,paenibacillus_darwinianus
537,Intestinibacillus_massiliensis,intestinibacillus_massiliensis
538,"Caldicellulosiruptor_obsidiansis_OB47,",caldicellulosiruptor_obsidiansis_ob47
539,Lachnospiraceae_bacterium_MA2020,lachnospiraceae_bacterium_ma2020
540,Selenomonas_flueggei_ATCC,selenomonas_flueggei_atcc
541,Halothermothrix_orenii_H,halothermothrix_orenii_h
542,"Lachnoclostridium_phytofermentans_ISDg,",lachnoclostridium_phytofermentans_isdg
543,Intestinimonas_massiliensis,intestinimonas_massiliensis
544,Paenibacillus_elgii,paenibacillus_elgii
545,Butyrivibrio_sp_NC2007,butyrivibrio_sp_nc2007
546,"Tepidanaerobacter_acetatoxydans_Re1,",tepidanaerobacter_acetatoxydans_re1
547,Paenibacillus_pini_JCM,paenibacillus_pini_jcm
548,"Oribacterium_sp_WCC10,",oribacterium_sp_wcc10
549,"Clostridium_sp_Marseille-P299,",clostridium_sp_marseille-p299
550,Paenibacillus_harenae_DSM,paenibacillus_harenae_dsm
551,"Clostridium_pasteurianum_BC1,",clostridium_pasteurianum_bc1
552,Clostridium_tyrobutyricum_DSM,clostridium_tyrobutyricum_dsm
553,Paenibacillus_popilliae_ATCC,paenibacillus_popilliae_atcc
554,Eubacterium_sp_68-3-10,eubacterium_sp_68-3-10
555,Clostridium_sp_Bc-iso-3,clostridium_sp_bc-iso-3
556,Megasphaera_massiliensis,megasphaera_massiliensis
557,Paenibacillus_etheri,paenibacillus_etheri
558,Clostridium_minihomine,clostridium_minihomine
559,Clostridium_algidicarnis_DSM,clostridium_algidicarnis_dsm
560,Anaerococcus_rubeinfantis_isolate,anaerococcus_rubeinfantis_isolate
561,Natronincola_peptidivorans,natronincola_peptidivorans
562,Alicyclobacillus_shizuokensis_NBRC,alicyclobacillus_shizuokensis_nbrc
563,Ruminiclostridium_josui_JCM,ruminiclostridium_josui_jcm
564,Paenibacillus_durus_ATCC,paenibacillus_durus_atcc
565,"Oribacterium_sp_KHPX15,",oribacterium_sp_khpx15
566,Clostridium_vincentii,clostridium_vincentii
567,Pelosinus_fermentans_JBW45,pelosinus_fermentans_jbw45
568,Blautia_sp_N6H1-15,blautia_sp_n6h1-15
569,Lachnospiraceae_bacterium_10-1,lachnospiraceae_bacterium_10-1
570,Anaerococcus_vaginalis,anaerococcus_vaginalis
571,Clostridium_paraputrificum,clostridium_paraputrificum
572,Lachnoclostridium_sp_An298,lachnoclostridium_sp_an298
573,Peptoclostridium_litorale_DSM,peptoclostridium_litorale_dsm
574,Desulfuribacillus_alkaliarsenatis,desulfuribacillus_alkaliarsenatis
575,"Lachnospiraceae_bacterium_XBB2008,",lachnospiraceae_bacterium_xbb2008
576,Paramaledivibacter_caminithermalis_DSM,paramaledivibacter_caminithermalis_dsm
577,Tissierella_creatinophila_DSM,tissierella_creatinophila_dsm
578,Christensenella_timonensis,christensenella_timonensis
579,Paludifilum_halophilum,paludifilum_halophilum
580,"Paenibacillus_sp_OK076,",paenibacillus_sp_ok076
581,"Lachnospiraceae_bacterium_RM5,",lachnospiraceae_bacterium_rm5
582,Kroppenstedtia_eburnea,kroppenstedtia_eburnea
583,Clostridium_perfringens_ATCC,clostridium_perfringens_atcc
584,Clostridium_sp_LS,clostridium_sp_ls
585,Terrisporobacter_othiniensis,terrisporobacter_othiniensis
586,"Peptoniphilus_sp_Marseille-P3761,",peptoniphilus_sp_marseille-p3761
587,Acetobacterium_wieringae,acetobacterium_wieringae
588,Anaerocolumna_xylanovorans_DSM,anaerocolumna_xylanovorans_dsm
589,Faecalibacterium_sp_An121,faecalibacterium_sp_an121
590,Ruminococcus_albus_7,ruminococcus_albus_7
591,Lachnoanaerobaculum_sp_OBRC5-5,lachnoanaerobaculum_sp_obrc5-5
592,Selenomonas_sp_AE3005,selenomonas_sp_ae3005
593,Faecalicatena_fissicatena,faecalicatena_fissicatena
594,Ruminococcaceae_bacterium_R-25,ruminococcaceae_bacterium_r-25
595,Roseburia_intestinalis_L1-82,roseburia_intestinalis_l1-82
596,Clostridium_sp_Marseille-P3244,clostridium_sp_marseille-p3244
597,Peptostreptococcus_stomatis_DSM,peptostreptococcus_stomatis_dsm
598,Clostridium_sp_KNHs214,clostridium_sp_knhs214
599,Thermoanaerobacter_pseudethanolicus_ATCC,thermoanaerobacter_pseudethanolicus_atcc
600,Seinonella_peptonophila,seinonella_peptonophila
601,Paenibacillus_aquistagni,paenibacillus_aquistagni
602,Desulfohalotomaculum_alkaliphilum_DSM,desulfohalotomaculum_alkaliphilum_dsm
603,Catabacter_hongkongensis,catabacter_hongkongensis
604,Butyrivibrio_sp_MC2021,butyrivibrio_sp_mc2021
605,Desulfurispora_thermophila_DSM,desulfurispora_thermophila_dsm
606,Paenibacillus_naphthalenovorans,paenibacillus_naphthalenovorans
607,"Paenibacillus_sp_CF384,",paenibacillus_sp_cf384
608,Clostridium_neonatale,clostridium_neonatale
609,Paenibacillus_sp_Root444D2,paenibacillus_sp_root444d2
610,Alicyclobacillus_herbarius_DSM,alicyclobacillus_herbarius_dsm
611,Selenomonas_sp_oral,selenomonas_sp_oral
612,Paenibacillus_physcomitrellae,paenibacillus_physcomitrellae
613,Clostridium_estertheticum_subsp.,clostridium_estertheticum_subsp.
614,Butyrivibrio_fibrisolvens_DSM,butyrivibrio_fibrisolvens_dsm
615,Tindallia_californiensis,tindallia_californiensis
616,Paenibacillaceae_bacterium_GAS479,paenibacillaceae_bacterium_gas479
617,asparagiforme_DSM_15981,asparagiforme_dsm_15981
618,Paenibacillus_stellifer,paenibacillus_stellifer
619,Fervidicola_ferrireducens,fervidicola_ferrireducens
620,GCF_000403395.2_Anae_bact_G3_V1,anaerotruncus_sp_g3(2012)
621,"Anaerococcus_sp_Marseille-P3625,",anaerococcus_sp_marseille-p3625
622,Ruminococcaceae_bacterium,ruminococcaceae_bacterium
623,Fournierella_massiliensis,fournierella_massiliensis
624,Oribacterium_sp_oral,oribacterium_sp_oral
625,Clostridium_septicum,clostridium_septicum
626,Clostridium_hydrogeniformans_DSM,clostridium_hydrogeniformans_dsm
627,Oribacterium_sinus_F0268,oribacterium_sinus_f0268
628,Eubacteriaceae_bacterium_CHKCI004,eubacteriaceae_bacterium_chkci004
629,Shimazuella_kribbensis_DSM,shimazuella_kribbensis_dsm
630,Propionispora_vibrioides,propionispora_vibrioides
631,Lachnospiraceae_bacterium_NK4A144,lachnospiraceae_bacterium_nk4a144
632,Paenibacillus_massiliensis_2301065,paenibacillus_massiliensis_2301065
633,Eubacterium_xylanophilum_ATCC,eubacterium_xylanophilum_atcc
634,Faecalibacterium_prausnitzii,faecalibacterium_prausnitzii
635,Desulfotomaculum_ruminis_DSM,desulfotomaculum_ruminis_dsm
636,Clostridium_fallax,clostridium_fallax
637,Paenibacillus_barcinonensis,paenibacillus_barcinonensis
638,Peptoniphilus_pacaensis,peptoniphilus_pacaensis
639,Succiniclasticum_ruminis_DSM,succiniclasticum_ruminis_dsm
640,Aneurinibacillus_terranovensis_DSM,aneurinibacillus_terranovensis_dsm
641,Paenibacillus_sp_UNC451MF,paenibacillus_sp_unc451mf
642,Thermoanaerobacter_thermocopriae_JCM,thermoanaerobacter_thermocopriae_jcm
643,"Brevibacillus_sp_OK042,",brevibacillus_sp_ok042
644,Anaerocolumna_aminovalerica,anaerocolumna_aminovalerica
645,Heliobacterium_modesticaldum_Ice1,heliobacterium_modesticaldum_ice1
646,Paenibacillus_daejeonensis_DSM,paenibacillus_daejeonensis_dsm
647,"Clostridium_sp_CL-2,",clostridium_sp_cl-2
648,Acidaminobacter_hydrogenoformans_DSM,acidaminobacter_hydrogenoformans_dsm
649,Anaeromassilibacillus_senegalensis,anaeromassilibacillus_senegalensis
650,Clostridium_nigeriense,clostridium_nigeriense
651,Firmicutes_bacterium_ASF500,firmicutes_bacterium_asf500
652,Clostridium_jeddahense,clostridium_jeddahense
653,siraeum_DSM_15702,siraeum_dsm_15702
654,Peptostreptococcaceae_bacterium_oral,peptostreptococcaceae_bacterium_oral
655,Acetatifactor_muris_isolate,acetatifactor_muris_isolate
656,Paraclostridium_bifermentans_ATCC,paraclostridium_bifermentans_atcc
657,Tepidibacter_formicigenes_DSM,tepidibacter_formicigenes_dsm
658,Eubacterium_plexicaudatum_ASF492,eubacterium_plexicaudatum_asf492
659,Thermoanaerobacterium_thermosaccharolyticum_DSM,thermoanaerobacterium_thermosaccharolyticum_dsm
660,Clostridiales_bacterium_NK3B98,clostridiales_bacterium_nk3b98
661,"Fusibacter_sp_3D3,",fusibacter_sp_3d3
662,Brevibacillus_sp_BC25,brevibacillus_sp_bc25
663,Clostridium_thermopalmarium_DSM,clostridium_thermopalmarium_dsm
664,Butyrivibrio_sp_FCS014,butyrivibrio_sp_fcs014
665,Caldicellulosiruptor_morganii,caldicellulosiruptor_morganii
666,Kallipyga_gabonensis,kallipyga_gabonensis
667,Paenibacillus_barengoltzii_G22,paenibacillus_barengoltzii_g22
668,Christensenella_sp_AF73-05CM02,christensenella_sp_af73-05cm02
669,Veillonella_denticariosi_JCM,veillonella_denticariosi_jcm
670,Anaerovibrio_lipolyticus_DSM,anaerovibrio_lipolyticus_dsm
671,Desulfotomaculum_ferrireducens,desulfotomaculum_ferrireducens
672,Phascolarctobacterium_succinatutens_YIT,phascolarctobacterium_succinatutens_yit
673,Paenibacillus_pinihumi_DSM,paenibacillus_pinihumi_dsm
674,"Clostridiales_bacterium_VE202-03,",clostridiales_bacterium_ve202-03
675,Saccharibacillus_kuerlensis_DSM,saccharibacillus_kuerlensis_dsm
676,Acutalibacter_muris,acutalibacter_muris
677,"dakarense_1,",dakarense_1
678,"aminophilum_KH1P1,",aminophilum_kh1p1
679,Anaerosporomusa_subterranea,anaerosporomusa_subterranea
680,Peptoniphilus_duerdenii_ATCC,peptoniphilus_duerdenii_atcc
681,Clostridiales_bacterium_1_7_47FAA,clostridiales_bacterium_1_7_47faa
682,Clostridium_botulinum_B,clostridium_botulinum_b
683,Cohnella_laeviribosi_DSM,cohnella_laeviribosi_dsm
684,Clostridium_ljungdahlii,clostridium_ljungdahlii
685,Helcococcus_massiliensis,helcococcus_massiliensis
686,Lachnoclostridium_sp_An14,lachnoclostridium_sp_an14
687,Clostridium_sp_W14A,clostridium_sp_w14a
688,Clostridium_sp_Ade.TY,clostridium_sp_ade.ty
689,Eubacterium_coprostanoligenes,eubacterium_coprostanoligenes
690,Pseudobutyrivibrio_ruminis_CF1b,pseudobutyrivibrio_ruminis_cf1b
691,Pseudoruminoccoccus_massiliensis,pseudoruminoccoccus_massiliensis
692,Paenibacillus_sp_Soil766,paenibacillus_sp_soil766
693,Desmospora_activa_DSM,desmospora_activa_dsm
694,Clostridiales_bacterium_KA00274,clostridiales_bacterium_ka00274
695,"Clostridium_sp_SY8519,",clostridium_sp_sy8519
696,Pseudoflavonifractor_capillosus_ATCC,pseudoflavonifractor_capillosus_atcc
697,symbiosum_ATCC_14940,symbiosum_atcc_14940
698,"Butyrivibrio_sp_INlla18,",butyrivibrio_sp_inlla18
699,"Paenibacillus_mucilaginosus_3016,",paenibacillus_mucilaginosus_3016
700,GCF_000526575.1_ASM52657v1,clostridium_sp_12(a)
701,"Lachnospiraceae_bacterium_G41,",lachnospiraceae_bacterium_g41
702,"Butyrivibrio_sp_M55,",butyrivibrio_sp_m55
703,Dorea_longicatena,dorea_longicatena
704,Eubacterium_infirmum_F0142,eubacterium_infirmum_f0142
705,Megasphaera_cerevisiae_DSM,megasphaera_cerevisiae_dsm
706,Caloramator_mitchellensis,caloramator_mitchellensis
707,Brevibacillus_laterosporus,brevibacillus_laterosporus
708,Clostridium_frigidicarnis,clostridium_frigidicarnis
709,"Peptoniphilus_obesi_ph1,",peptoniphilus_obesi_ph1
710,Paenibacillus_oryzisoli,paenibacillus_oryzisoli
711,Paenibacillus_sp_PCH8,paenibacillus_sp_pch8
712,Phascolarctobacterium_faecium_DSM,phascolarctobacterium_faecium_dsm
713,Peptoniphilus_urinimassiliensis,peptoniphilus_urinimassiliensis
714,Sporomusa_acidovorans,sporomusa_acidovorans
715,Fastidiosipila_sanguinis,fastidiosipila_sanguinis
716,Ruminococcus_flavefaciens_ND2009,ruminococcus_flavefaciens_nd2009
717,Butyrivibrio_sp_WCD3002,butyrivibrio_sp_wcd3002
718,Inediibacterium_massiliense,inediibacterium_massiliense
719,Eisenbergiella_tayi,eisenbergiella_tayi
720,Robinsoniella_peoriensis,robinsoniella_peoriensis
721,Lachnospiraceae_bacterium_M18-1,lachnospiraceae_bacterium_m18-1
722,GCF_000340885.1_ASM34088v1,clostridium_saccharoperbutylacetonicum_n1-4(hmt)
723,"Caldicellulosiruptor_owensensis_OL,",caldicellulosiruptor_owensensis_ol
724,Paenibacillus_riograndensis_SBR5,paenibacillus_riograndensis_sbr5
725,"Clostridium_amazonitimonense,_whole",clostridium_amazonitimonense_whole
726,"Ruminococcaceae_bacterium_CPB6,",ruminococcaceae_bacterium_cpb6
727,Anaerovirgula_multivorans,anaerovirgula_multivorans
728,Pseudoramibacter_alactolyticus_ATCC,pseudoramibacter_alactolyticus_atcc
729,Selenomonas_massiliensis,selenomonas_massiliensis
730,"Peptostreptococcus_sp_D1,",peptostreptococcus_sp_d1
731,"Intestinibacillus_sp_Marseille-P4005,",intestinibacillus_sp_marseille-p4005
732,Veillonella_atypica_KON,veillonella_atypica_kon
733,Paenibacillus_sp_32O-W,paenibacillus_sp_32o-w
734,Clostridium_baratii_str.,clostridium_baratii_str.
735,Massilimaliae_massiliensis,massilimaliae_massiliensis
736,Clostridiisalibacter_paucivorans_DSM,clostridiisalibacter_paucivorans_dsm
737,Pseudoflavonifractor_sp_An85,pseudoflavonifractor_sp_an85
738,Eubacterium_callanderi,eubacterium_callanderi
739,Clostridium_sp_DSM,clostridium_sp_dsm
740,Anaerococcus_urinomassiliensis,anaerococcus_urinomassiliensis
741,Lachnospiraceae_bacterium_JC7,lachnospiraceae_bacterium_jc7
742,"Oscillibacter_ruminantium_GH1,",oscillibacter_ruminantium_gh1
743,Finegoldia_magna_ATCC,finegoldia_magna_atcc
744,Paenibacillus_amylolyticus_isolate,paenibacillus_amylolyticus_isolate
745,"Clostridiales_bacterium_mt11,",clostridiales_bacterium_mt11
746,Paenibacillus_durus,paenibacillus_durus
747,Paenibacillus_kribbensis,paenibacillus_kribbensis
748,Lihuaxuella_thermophila,lihuaxuella_thermophila
749,Anaerotruncus_colihominis_DSM,anaerotruncus_colihominis_dsm
750,Lagierella_massiliensis,lagierella_massiliensis
751,Blautia_massiliensis,blautia_massiliensis
752,Paenibacillus_sp_LC231,paenibacillus_sp_lc231
753,Alicyclobacillus_macrosporangiidus_CPP55,alicyclobacillus_macrosporangiidus_cpp55
754,Paenibacillus_sp_CAA11,paenibacillus_sp_caa11
755,Blautia_sp_Marseille-P3087,blautia_sp_marseille-p3087
756,Tepidibacillus_decaturensis,tepidibacillus_decaturensis
757,"Lachnospiraceae_bacterium_C7,",lachnospiraceae_bacterium_c7
758,Alicyclobacillus_vulcanalis,alicyclobacillus_vulcanalis
759,Gemmiger_sp_An194,gemmiger_sp_an194
760,Butyrivibrio_sp_NC2002,butyrivibrio_sp_nc2002
761,Brevibacillus_massiliensis,brevibacillus_massiliensis
762,Halobacteroides_halobius_DSM,halobacteroides_halobius_dsm
763,Hungateiclostridium_straminisolvens_JCM,hungateiclostridium_straminisolvens_jcm
764,Paenibacillus_yonginensis,paenibacillus_yonginensis
765,Anaerococcus_senegalensis_JC48,anaerococcus_senegalensis_jc48
766,Butyrivibrio_crossotus_DSM,butyrivibrio_crossotus_dsm
767,pectinophilus_ATCC_43243,pectinophilus_atcc_43243
768,Marvinbryantia_formatexigens_DSM,marvinbryantia_formatexigens_dsm
769,Veillonella_parvula,veillonella_parvula
770,Paenibacillus_phocaensis,paenibacillus_phocaensis
771,Veillonella_infantium,veillonella_infantium
772,Desulfosporosinus_sp_FKB,desulfosporosinus_sp_fkb
773,Ruminococcus_callidus_ATCC,ruminococcus_callidus_atcc
774,Halarsenatibacter_silvermanii,halarsenatibacter_silvermanii
775,Flavonifractor_sp_An306,flavonifractor_sp_an306
776,Succinispira_mobilis_DSM,succinispira_mobilis_dsm
777,Paenibacillus_sp_YN15,paenibacillus_sp_yn15
778,Ruminiclostridium_papyrosolvens_DSM,ruminiclostridium_papyrosolvens_dsm
779,Megasphaera_elsdenii_DSM,megasphaera_elsdenii_dsm
780,"Blautia_sp_Marseille-P3201T,",blautia_sp_marseille-p3201t
781,Acidaminococcus_intestini_DSM,acidaminococcus_intestini_dsm
782,Lachnoclostridium_sp_An76,lachnoclostridium_sp_an76
783,Halanaerobium_saccharolyticum_subsp.,halanaerobium_saccharolyticum_subsp.
784,Butyrivibrio_proteoclasticus_P6B7,butyrivibrio_proteoclasticus_p6b7
785,Symbiobacterium_thermophilum_IAM,symbiobacterium_thermophilum_iam
786,Thermoanaerosceptrum_fracticalcis,thermoanaerosceptrum_fracticalcis
787,Brevibacillus_brevis_X23,brevibacillus_brevis_x23
788,Ruminiclostridium_cellobioparum_subsp.,ruminiclostridium_cellobioparum_subsp.
789,Eisenbergiella_massiliensis,eisenbergiella_massiliensis
790,Peptoanaerobacter_stomatis,peptoanaerobacter_stomatis
791,"Paenibacillus_senegalensis_JC66,",paenibacillus_senegalensis_jc66
792,Sporomusa_sphaeroides_DSM,sporomusa_sphaeroides_dsm
793,Desulfitobacterium_dehalogenans_ATCC,desulfitobacterium_dehalogenans_atcc
794,"Paenibacillus_terrae_HPL-003,",paenibacillus_terrae_hpl-003
795,leptum_DSM_753,leptum_dsm_753
796,Herbinix_luporum,herbinix_luporum
797,Candidatus_Frackibacter_sp.,candidatus_frackibacter_sp.
798,Anaerotignum_neopropionicum,anaerotignum_neopropionicum
799,viride_DSM_6836,viride_dsm_6836
800,"Desulfosporosinus_acidiphilus_SJ4,",desulfosporosinus_acidiphilus_sj4
801,Paenibacillus_macquariensis,paenibacillus_macquariensis
802,GCF_000020005.1_ASM2000v1,natranaerobius_thermophilus_jw/nm-wn-lf
803,Sporomusa_ovata_DSM,sporomusa_ovata_dsm
804,Paenibacillus_sp_GM2FR,paenibacillus_sp_gm2fr
805,Peptoniphilus_indolicus_ATCC,peptoniphilus_indolicus_atcc
806,Hungatella_effluvii,hungatella_effluvii
807,Orenia_marismortui_DSM,orenia_marismortui_dsm
808,Lachnospiraceae_bacterium_MC2017,lachnospiraceae_bacterium_mc2017
809,Paenibacillus_xerothermodurans,paenibacillus_xerothermodurans
810,Anaerococcus_vaginalis_ATCC,anaerococcus_vaginalis_atcc
811,Ruminiclostridium_cellobioparum_DSM,ruminiclostridium_cellobioparum_dsm
812,Paenibacillus_algorifonticola,paenibacillus_algorifonticola
813,"Pseudoflavonifractor_sp_Marseille-P3106,",pseudoflavonifractor_sp_marseille-p3106
814,Tumebacillus_permanentifrigoris,tumebacillus_permanentifrigoris
815,Roseburia_inulinivorans_DSM,roseburia_inulinivorans_dsm
816,Clostridium_acetobutylicum_ATCC,clostridium_acetobutylicum_atcc
817,Eubacterium_ramulus,eubacterium_ramulus
818,Alicyclobacillus_mali_NBRC,alicyclobacillus_mali_nbrc
819,Pseudobutyrivibrio_sp_MD2005,pseudobutyrivibrio_sp_md2005
820,Moorella_sp_Hama-1,moorella_sp_hama-1
821,Kineothrix_alysoides,kineothrix_alysoides
822,Paenibacillus_dauci,paenibacillus_dauci
823,"Paenibacillus_polymyxa_M1,",paenibacillus_polymyxa_m1
824,Anaerococcus_tetradius_ATCC,anaerococcus_tetradius_atcc
825,Candidatus_Dorea_massiliensis,candidatus_dorea_massiliensis
826,Anaeromassilibacillus_sp_An250,anaeromassilibacillus_sp_an250
827,"Paenibacillus_sp_cl123,",paenibacillus_sp_cl123
828,Cellulosilyticum_lentocellum_DSM,cellulosilyticum_lentocellum_dsm
829,"Clostridia_bacterium_UC5.1-1E11,",clostridia_bacterium_uc5.1-1e11
830,Paenibacillus_lactis_154,paenibacillus_lactis_154
831,"Neglecta_sp_Marseille-P3890,",neglecta_sp_marseille-p3890
832,Brevibacillus_brevis_NBRC,brevibacillus_brevis_nbrc
833,Acidibacillus_sulfuroxidans,acidibacillus_sulfuroxidans
834,Clostridium_gasigenes,clostridium_gasigenes
835,Thermoflavimicrobium_dichotomicum,thermoflavimicrobium_dichotomicum
836,Paenibacillus_antibioticophila,paenibacillus_antibioticophila
837,Flavonifractor_sp_An82,flavonifractor_sp_an82
838,Brevibacillus_borstelensis_AK1,brevibacillus_borstelensis_ak1
839,Caloramator_quimbayensis,caloramator_quimbayensis
840,"Pseudobutyrivibrio_sp_49,",pseudobutyrivibrio_sp_49
841,Blautia_hansenii_DSM,blautia_hansenii_dsm
842,Moorella_humiferrea,moorella_humiferrea
843,Alicyclobacillus_tengchongensis,alicyclobacillus_tengchongensis
844,Megasphaera_genomosp._type_1,megasphaera_genomosp._type_1
845,Dorea_formicigenerans_ATCC,dorea_formicigenerans_atcc
846,"Alkaliphilus_oremlandii_OhILAs,",alkaliphilus_oremlandii_ohilas
847,Paenibacillus_ihumii,paenibacillus_ihumii
848,"Proteiniborus_sp_DW1,",proteiniborus_sp_dw1
849,"Desulfitobacterium_hafniense_DCB-2,",desulfitobacterium_hafniense_dcb-2
850,Clostridium_haemolyticum_NCTC,clostridium_haemolyticum_nctc
851,Alicyclobacillus_ferrooxydans,alicyclobacillus_ferrooxydans
852,Desulfosporosinus_meridiei_DSM,desulfosporosinus_meridiei_dsm
853,Clostridium_sp_C105KSO13,clostridium_sp_c105kso13
854,Paenibacillus_camerounensis,paenibacillus_camerounensis
855,Desulfocucumis_palustris,desulfocucumis_palustris
856,Caldicellulosiruptor_naganoensis_NA10,caldicellulosiruptor_naganoensis_na10
857,Gorillibacterium_massiliense,gorillibacterium_massiliense
858,Mitsuokella_sp_oral,mitsuokella_sp_oral
859,Acetobacterium_woodii_DSM,acetobacterium_woodii_dsm
860,Paenibacillus_polysaccharolyticus,paenibacillus_polysaccharolyticus
861,Clostridium_sp_CL-6,clostridium_sp_cl-6
862,Marininema_mesophilum,marininema_mesophilum
863,Syntrophaceticus_schinkii,syntrophaceticus_schinkii
864,Peptoniphilus_asaccharolyticus_DSM,peptoniphilus_asaccharolyticus_dsm
865,Paenibacillus_sp_P46E,paenibacillus_sp_p46e
866,Caldanaerobius_polysaccharolyticus_DSM,caldanaerobius_polysaccharolyticus_dsm
867,Carboxydocella_thermautotrophica,carboxydocella_thermautotrophica
868,Paenibacillus_antarcticus,paenibacillus_antarcticus
869,Cohnella_panacarvi_Gsoil,cohnella_panacarvi_gsoil
870,Veillonella_sp_T11011-6,veillonella_sp_t11011-6
871,Blautia_sp_An249,blautia_sp_an249
872,Halanaerobium_congolense,halanaerobium_congolense
873,Anaerofilum_sp_An201,anaerofilum_sp_an201
874,Paenibacillus_panacisoli_DSM,paenibacillus_panacisoli_dsm
875,Peptoniphilus_coxii,peptoniphilus_coxii
876,Anaerotruncus_rubiinfantis,anaerotruncus_rubiinfantis
877,Paenibacillus_sp_BIHB4019,paenibacillus_sp_bihb4019
878,Paenibacillus_pabuli_NBRC,paenibacillus_pabuli_nbrc
879,Lactonifactor_longoviformis_DSM,lactonifactor_longoviformis_dsm
880,"Clostridiales_bacterium_VE202-26,",clostridiales_bacterium_ve202-26
881,Thermosediminibacter_oceani_DSM,thermosediminibacter_oceani_dsm
882,"Paenibacillus_sp_OK003,",paenibacillus_sp_ok003
883,"Paenibacillus_sp_BC26,",paenibacillus_sp_bc26
884,Caldicellulosiruptor_saccharolyticus_DSM,caldicellulosiruptor_saccharolyticus_dsm
885,"saccharolyticum_WM1,_complete",saccharolyticum_wm1_complete
886,Dendrosporobacter_quercicolus,dendrosporobacter_quercicolus
887,Roseburia_sp_831b,roseburia_sp_831b
888,Paenibacillus_sp_FJAT-26967,paenibacillus_sp_fjat-26967
889,Moorella_mulderi_DSM,moorella_mulderi_dsm
890,"Paenibacillus_sp_453mf,",paenibacillus_sp_453mf
891,Eubacterium_aggregans,eubacterium_aggregans
892,Aneurinibacillus_thermoaerophilus,aneurinibacillus_thermoaerophilus
893,Peptostreptococcus_russellii,peptostreptococcus_russellii
894,Lachnospiraceae_bacterium_AC2012,lachnospiraceae_bacterium_ac2012
895,Saccharibacillus_sp_O23,saccharibacillus_sp_o23
896,Butyricicoccus_pullicaecorum_DSM,butyricicoccus_pullicaecorum_dsm
897,Sporomusa_malonica,sporomusa_malonica
898,Acetohalobium_arabaticum_DSM,acetohalobium_arabaticum_dsm
899,"Ethanoligenens_harbinense_YUAN-3,",ethanoligenens_harbinense_yuan-3
900,Lachnoclostridium_sp_An131,lachnoclostridium_sp_an131
901,Paenibacillus_sp_DMB20,paenibacillus_sp_dmb20
902,Selenomonas_sp_F0473,selenomonas_sp_f0473
903,Coprococcus_eutactus,coprococcus_eutactus
904,"Kallipyga_massiliensis_ph2,",kallipyga_massiliensis_ph2
905,Sporomusa_silvacetica_DSM,sporomusa_silvacetica_dsm
906,fimetarium_DSM,fimetarium_dsm
907,Ruminococcus_flavefaciens_007c,ruminococcus_flavefaciens_007c
908,Paenibacillus_sp_1-18,paenibacillus_sp_1-18
909,Clostridium_niameyense,clostridium_niameyense
910,Selenomonas_artemidis_DSM,selenomonas_artemidis_dsm
911,"Clostridium_sp_N3C,",clostridium_sp_n3c
912,Murdochiella_vaginalis,murdochiella_vaginalis
913,Asaccharospora_irregularis_DSM,asaccharospora_irregularis_dsm
914,Butyrivibrio_sp_MB2005,butyrivibrio_sp_mb2005
915,Anaerobium_acetethylicum,anaerobium_acetethylicum
916,Veillonella_parvula_DSM,veillonella_parvula_dsm
917,Aneurinibacillus_tyrosinisolvens,aneurinibacillus_tyrosinisolvens
918,Caldicellulosiruptor_danielii,caldicellulosiruptor_danielii
919,Pseudobutyrivibrio_ruminis_AD2017,pseudobutyrivibrio_ruminis_ad2017
920,Hespellia_stercorisuis_DSM,hespellia_stercorisuis_dsm
921,Clostridium_mediterraneense,clostridium_mediterraneense
922,Schaedlerella_arabinosiphila,schaedlerella_arabinosiphila
923,Lachnoanaerobaculum_sp_ICM7,lachnoanaerobaculum_sp_icm7
924,"Paenibacillus_sp_CF095,",paenibacillus_sp_cf095
925,Lacrimispora_sphenoides,lacrimispora_sphenoides
926,"Lachnospiraceae_bacterium_YSD2013,",lachnospiraceae_bacterium_ysd2013
927,Paenibacillus_agaridevorans,paenibacillus_agaridevorans
928,Dethiosulfatibacter_aminovorans_DSM,dethiosulfatibacter_aminovorans_dsm
929,Brevibacillus_laterosporus_DSM,brevibacillus_laterosporus_dsm
930,Veillonella_montpellierensis_DSM,veillonella_montpellierensis_dsm
931,Clostridium_massiliodielmoense,clostridium_massiliodielmoense
932,Acidaminococcus_timonensis,acidaminococcus_timonensis
933,Paenibacillus_bouchesdurhonensis,paenibacillus_bouchesdurhonensis
934,Paenibacillus_chitinolyticus_NBRC,paenibacillus_chitinolyticus_nbrc
935,Eubacterium_sp_14-2,eubacterium_sp_14-2
936,"Clostridium_sp_SN20,",clostridium_sp_sn20
937,Megasphaera_paucivorans,megasphaera_paucivorans
938,Alicyclobacillus_sendaiensis_NBRC,alicyclobacillus_sendaiensis_nbrc
939,Anaerofustis_stercorihominis_DSM,anaerofustis_stercorihominis_dsm
940,Paenibacillus_sp_OV191,paenibacillus_sp_ov191
941,Dialister_succinatiphilus_YIT,dialister_succinatiphilus_yit
942,Ruminococcaceae_bacterium_Marseille-P2935,ruminococcaceae_bacterium_marseille-p2935
943,"Alkaliphilus_metalliredigens_QYMF,",alkaliphilus_metalliredigens_qymf
944,Paenibacillus_glacialis,paenibacillus_glacialis
945,Paenibacillus_flagellatus,paenibacillus_flagellatus
946,Candidatus_Arthromitus_sp.,candidatus_arthromitus_sp.
947,Lachnospiraceae_oral_taxon,lachnospiraceae_oral_taxon
948,Hungateiclostridium_saccincola,hungateiclostridium_saccincola
949,Lachnospiraceae_bacterium_NC2008,lachnospiraceae_bacterium_nc2008
950,Anaerostipes_hadrus,anaerostipes_hadrus
951,Thermoflavimicrobium_sp_FBKL4.011,thermoflavimicrobium_sp_fbkl4.011
952,Desulfosporosinus_acididurans,desulfosporosinus_acididurans
953,Clostridium_beijerinckii_HUN142,clostridium_beijerinckii_hun142
954,Anaerocolumna_jejuensis_DSM,anaerocolumna_jejuensis_dsm
955,coagulans_DSM,coagulans_dsm
956,Anaerostipes_caccae_DSM,anaerostipes_caccae_dsm
957,Butyrivibrio_hungatei_DSM,butyrivibrio_hungatei_dsm
958,Papillibacter_cinnamivorans_DSM,papillibacter_cinnamivorans_dsm
959,Acetonema_longum_DSM,acetonema_longum_dsm
960,gnavus_ATCC_29149,gnavus_atcc_29149
961,Bacillus_sp_FJAT-28004,bacillus_sp_fjat-28004
962,Novibacillus_thermophilus,novibacillus_thermophilus
963,Paenibacillus_terrae,paenibacillus_terrae
964,"Ruminococcaceae_bacterium_D5,",ruminococcaceae_bacterium_d5
965,Blautia_hydrogenotrophica_DSM,blautia_hydrogenotrophica_dsm
966,Megasphaera_micronuciformis_F0359,megasphaera_micronuciformis_f0359
967,Aneurinibacillus_soli,aneurinibacillus_soli
968,aminophilum_DSM_10710,aminophilum_dsm_10710
969,Acetobacterium_bakii,acetobacterium_bakii
970,"Thermoanaerobacter_wiegelii_Rt8.B1,",thermoanaerobacter_wiegelii_rt8.b1
971,Thermoactinomyces_sp_DSM,thermoactinomyces_sp_dsm
972,Bacillus_sp_FJAT-27264,bacillus_sp_fjat-27264
973,Paenibacillus_curdlanolyticus_YK9,paenibacillus_curdlanolyticus_yk9
974,Clostridium_sp_BL8,clostridium_sp_bl8
975,"Clostridium_sp_BNL1100,",clostridium_sp_bnl1100
976,Syntrophothermus_lipocalidus_DSM,syntrophothermus_lipocalidus_dsm
977,Thermosyntropha_lipolytica_DSM,thermosyntropha_lipolytica_dsm
978,"Lachnospiraceae_bacterium_NK3A20,",lachnospiraceae_bacterium_nk3a20
979,Terrisporobacter_glycolicus_ATCC,terrisporobacter_glycolicus_atcc
980,Clostridium_tetani,clostridium_tetani
981,"Clostridiales_bacterium_VE202-09,",clostridiales_bacterium_ve202-09
982,Enterocloster_lavalensis,enterocloster_lavalensis
983,Clostridioides_difficile,clostridioides_difficile
984,Dorea_phocaeensis,dorea_phocaeensis
985,Anaerobutyricum_hallii_DSM,anaerobutyricum_hallii_dsm
986,Ruminococcus_faecis_JCM,ruminococcus_faecis_jcm
987,Tumebacillus_algifaecis,tumebacillus_algifaecis
988,Paenibacillus_sp_VKM,paenibacillus_sp_vkm
989,Faecalibacterium_sp_An122,faecalibacterium_sp_an122
990,Emergencia_timonensis,emergencia_timonensis
991,Alicyclobacillus_montanus,alicyclobacillus_montanus
992,Clostridiaceae_bacterium_JG1575,clostridiaceae_bacterium_jg1575
993,"Butyrivibrio_sp_INlla16,",butyrivibrio_sp_inlla16
994,Cohnella_thermotolerans_DSM,cohnella_thermotolerans_dsm
995,Desulfosporosinus_sp_BG,desulfosporosinus_sp_bg
996,Peptoniphilus_grossensis,peptoniphilus_grossensis
997,Sulfobacillus_thermosulfidooxidans,sulfobacillus_thermosulfidooxidans
998,Anaerobranca_gottschalkii_DSM,anaerobranca_gottschalkii_dsm
999,"Pseudobutyrivibrio_sp_YE44,",pseudobutyrivibrio_sp_ye44
1000,Alicyclobacillus_acidocaldarius_LAA1,alicyclobacillus_acidocaldarius_laa1
1001,Lachnospiraceae_bacterium_YSB2008,lachnospiraceae_bacterium_ysb2008
1002,Paenibacillus_dakarensis,paenibacillus_dakarensis
1003,Numidum_massiliense,numidum_massiliense
1004,"rectale_ATCC_33656,",rectale_atcc_33656
1005,Paenibacillus_solani,paenibacillus_solani
1006,"Paenibacillus_sp_1_12,",paenibacillus_sp_1_12
1007,Lachnospiraceae_bacterium_TWA4,lachnospiraceae_bacterium_twa4
1008,Romboutsia_lituseburensis_DSM,romboutsia_lituseburensis_dsm
1009,Peptoniphilus_harei,peptoniphilus_harei
1010,Orenia_metallireducens,orenia_metallireducens
1011,Megasphaera_genomosp._type_2,megasphaera_genomosp._type_2
1012,Brevibacillus_fortis,brevibacillus_fortis
1013,Flavonifractor_sp_An10,flavonifractor_sp_an10
1014,Butyrivibrio_sp_XPD2002,butyrivibrio_sp_xpd2002
1015,Effusibacillus_pohliae_DSM,effusibacillus_pohliae_dsm
1016,Paenibacillus_sp_OSY-SE,paenibacillus_sp_osy-se
1017,Carboxydothermus_pertinax,carboxydothermus_pertinax
1018,Veillonella_tobetsuensis,veillonella_tobetsuensis
1019,Clostridioides_difficile_ATCC,clostridioides_difficile_atcc
1020,"Butyrivibrio_sp_INlla14,",butyrivibrio_sp_inlla14
1021,Desulfotomaculum_profundi,desulfotomaculum_profundi
1022,Romboutsia_hominis,romboutsia_hominis
1023,"Peptostreptococcaceae_bacterium_pGA-8,",peptostreptococcaceae_bacterium_pga-8
1024,Desulfosporosinus_youngiae_DSM,desulfosporosinus_youngiae_dsm
1025,"Syntrophomonas_zehnderi_OL-4,",syntrophomonas_zehnderi_ol-4
1026,Alicyclobacillus_acidoterrestris_ATCC,alicyclobacillus_acidoterrestris_atcc
1027,Paenibacillus_pasadenensis_DSM,paenibacillus_pasadenensis_dsm
1028,Pelosinus_sp_UFO1,pelosinus_sp_ufo1
1029,Thermoanaerobacterium_sp_PSU-2,thermoanaerobacterium_sp_psu-2
1030,Eubacterium_sp_ER2,eubacterium_sp_er2
1031,"Clostridiales_bacterium_SIT11,",clostridiales_bacterium_sit11
1032,Thermosinus_carboxydivorans_Nor1,thermosinus_carboxydivorans_nor1
1033,Aneurinibacillus_aneurinilyticus_ATCC,aneurinibacillus_aneurinilyticus_atcc
1034,Blautia_producta_ATCC,blautia_producta_atcc
1035,Clostridium_uliginosum,clostridium_uliginosum
1036,Syntrophomonas_palmitatica_JCM,syntrophomonas_palmitatica_jcm
1037,Paenibacillus_sp_URHA0014,paenibacillus_sp_urha0014
1038,Natronincola_ferrireducens,natronincola_ferrireducens
1039,"Mageeibacillus_indolicus_UPII9-5,",mageeibacillus_indolicus_upii9-5
1040,Paenibacillus_sonchi_X19-5,paenibacillus_sonchi_x19-5
1041,"Lachnospiraceae_bacterium_G11,",lachnospiraceae_bacterium_g11
1042,Laceyella_sediminis,laceyella_sediminis
1043,Parasporobacterium_paucivorans_DSM,parasporobacterium_paucivorans_dsm
1044,Clostridium_pasteurianum,clostridium_pasteurianum
1045,Tepidimicrobium_xylanilyticum,tepidimicrobium_xylanilyticum
1046,"Lachnospiraceae_bacterium_XBB1006,",lachnospiraceae_bacterium_xbb1006
1047,Fontibacillus_panacisegetis,fontibacillus_panacisegetis
1048,Subdoligranulum_variabile_DSM,subdoligranulum_variabile_dsm
1049,Pseudobacteroides_cellulosolvens_ATCC,pseudobacteroides_cellulosolvens_atcc
1050,Paenibacillus_sp_Soil522,paenibacillus_sp_soil522
1051,"Halanaerobium_hydrogeniformans,_complete",halanaerobium_hydrogeniformans_complete
1052,Paenibacillus_larvae_subsp.,paenibacillus_larvae_subsp.
1053,"Ruminococcus_sp_YE71,",ruminococcus_sp_ye71
1054,Gemmiger_sp_An50,gemmiger_sp_an50
1055,"Ruminococcaceae_bacterium_P7,",ruminococcaceae_bacterium_p7
1056,Pseudoflavonifractor_sp_An184,pseudoflavonifractor_sp_an184
1057,Paenibacillus_rigui,paenibacillus_rigui
1058,Butyrivibrio_hungatei_NK4A153,butyrivibrio_hungatei_nk4a153
1059,Sporolituus_thermophilus_DSM,sporolituus_thermophilus_dsm
1060,Brevibacillus_reuszeri,brevibacillus_reuszeri
1061,Mitsuokella_multacida_DSM,mitsuokella_multacida_dsm
1062,Selenomonas_ruminantium_AC2024,selenomonas_ruminantium_ac2024
1063,Anaerostipes_sp_992a,anaerostipes_sp_992a
1064,Clostridium_tunisiense_TJ,clostridium_tunisiense_tj
1065,Halanaerobium_kushneri,halanaerobium_kushneri
1066,Butyricicoccus_porcorum,butyricicoccus_porcorum
1067,"Desulfotomaculum_reducens_MI-1,",desulfotomaculum_reducens_mi-1
1068,Paenibacillus_thiaminolyticus,paenibacillus_thiaminolyticus
1069,Desulfotomaculum_nigrificans_DSM,desulfotomaculum_nigrificans_dsm
1070,Christensenella_minuta,christensenella_minuta
1071,Coprococcus_eutactus_ATCC,coprococcus_eutactus_atcc
1072,Lachnoclostridium_sp_An169,lachnoclostridium_sp_an169
1073,Paenibacillus_crassostreae,paenibacillus_crassostreae
1074,Caldicellulosiruptor_bescii_DSM,caldicellulosiruptor_bescii_dsm
1075,Anaerococcus_prevotii_ACS-065-V-Col13,anaerococcus_prevotii_acs-065-v-col13
1076,Propionispira_raffinosivorans_DSM,propionispira_raffinosivorans_dsm
1077,Alicyclobacillus_kakegawensis_NBRC,alicyclobacillus_kakegawensis_nbrc
1078,Thermoactinomyces_daqus,thermoactinomyces_daqus
1079,Clostridium_ventriculi,clostridium_ventriculi
1080,Mobilibacterium_timonense,mobilibacterium_timonense
1081,Niameybacter_massiliensis,niameybacter_massiliensis
1082,Desulfosporosinus_sp_OL,desulfosporosinus_sp_ol
1083,Pseudobutyrivibrio_ruminis_HUN009,pseudobutyrivibrio_ruminis_hun009
1084,Butyrivibrio_sp_AE3004,butyrivibrio_sp_ae3004
1085,ultunense_DSM_10521,ultunense_dsm_10521
1086,Ruminococcaceae_bacterium_D16,ruminococcaceae_bacterium_d16
1087,Paenibacillus_castaneae,paenibacillus_castaneae
1088,Clostridium_thermobutyricum_DSM,clostridium_thermobutyricum_dsm
1089,Pseudobutyrivibrio_xylanivorans_DSM,pseudobutyrivibrio_xylanivorans_dsm
1090,Roseburia_sp_499,roseburia_sp_499
1091,Brevibacillus_thermoruber_423,brevibacillus_thermoruber_423
1092,Paenibacillus_ihbetae,paenibacillus_ihbetae
1093,Aneurinibacillus_migulanus,aneurinibacillus_migulanus
1094,Intestinibacter_bartlettii_DSM,intestinibacter_bartlettii_dsm
1095,"Thermobacillus_composti_KWC4,",thermobacillus_composti_kwc4
1096,Caldisalinibacter_kiritimatiensis,caldisalinibacter_kiritimatiensis
1097,"Peptostreptococcus_sp_Marseille-P4308,",peptostreptococcus_sp_marseille-p4308
1098,Marasmitruncus_massiliensis,marasmitruncus_massiliensis
1099,Merdimonas_faecis,merdimonas_faecis
1100,Bacillus_mannanilyticus_JCM,bacillus_mannanilyticus_jcm
1101,"Paenibacillus_sp_OV219,",paenibacillus_sp_ov219
1102,"Ruminococcaceae_bacterium_YAD3003,",ruminococcaceae_bacterium_yad3003
1103,Lawsonibacter_asaccharolyticus,lawsonibacter_asaccharolyticus
1104,Desulfallas_gibsoniae_DSM,desulfallas_gibsoniae_dsm
1105,Paenibacillus_typhae,paenibacillus_typhae
1106,Clostridium_taeniosporum,clostridium_taeniosporum
1107,Halonatronum_saccharophilum_DSM,halonatronum_saccharophilum_dsm
1108,Eubacterium_ventriosum_ATCC,eubacterium_ventriosum_atcc
1109,Alkaliphilus_transvaalensis_ATCC,alkaliphilus_transvaalensis_atcc
1110,Anaerostipes_sp_494a,anaerostipes_sp_494a
1111,Lachnoclostridium_phocaeense,lachnoclostridium_phocaeense
1112,Anaerococcus_provencensis,anaerococcus_provencensis
1113,Clostridium_chromiireducens,clostridium_chromiireducens
1114,Oribacterium_asaccharolyticum_ACB7,oribacterium_asaccharolyticum_acb7
1115,Oxobacter_pfennigii,oxobacter_pfennigii
1116,Eubacterium_sp_AB3007,eubacterium_sp_ab3007
1117,Dialister_massiliensis,dialister_massiliensis
1118,Lachnospira_pectinoschiza,lachnospira_pectinoschiza
1119,Centipeda_periodontii_DSM,centipeda_periodontii_dsm
1120,Lachnospiraceae_bacterium_MD308,lachnospiraceae_bacterium_md308
1121,Alicyclobacillus_acidocaldarius_subsp.,alicyclobacillus_acidocaldarius_subsp.
1122,Calderihabitans_maritimus,calderihabitans_maritimus
1123,Paenibacillus_tianmuensis,paenibacillus_tianmuensis
1124,Ruminococcus_bromii,ruminococcus_bromii
1125,Selenihalanaerobacter_shriftii,selenihalanaerobacter_shriftii
1126,Selenomonas_ruminantium,selenomonas_ruminantium
1127,Helcococcus_kunzii_ATCC,helcococcus_kunzii_atcc
1128,Clostridium_sp_L2-50,clostridium_sp_l2-50
1129,Blautia_coccoides,blautia_coccoides
1130,Pseudobutyrivibrio_ruminis_DSM,pseudobutyrivibrio_ruminis_dsm
1131,Vallitalea_guaymasensis,vallitalea_guaymasensis
1132,Clostridioides_mangenotii_LM2,clostridioides_mangenotii_lm2
1133,Tepidibacter_thalassicus_DSM,tepidibacter_thalassicus_dsm
1134,Paenibacillus_polymyxa_ATCC,paenibacillus_polymyxa_atcc
1135,thermoalcaliphilum_DSM,thermoalcaliphilum_dsm
1136,Caloranaerobacter_azorensis_DSM,caloranaerobacter_azorensis_dsm
1137,Ruminococcus_bicirculans,ruminococcus_bicirculans
1138,Paenibacillus_sp_oral,paenibacillus_sp_oral
1139,Peptococcaceae_bacterium_CEB3,peptococcaceae_bacterium_ceb3
1140,Gorillibacterium_timonense,gorillibacterium_timonense
1141,Anaerosporobacter_mobilis_DSM,anaerosporobacter_mobilis_dsm
1142,Paenibacillus_sp_P1XP2,paenibacillus_sp_p1xp2
1143,Paenibacillus_sp_FSL,paenibacillus_sp_fsl
1144,Mogibacterium_pumilum,mogibacterium_pumilum
1145,Anaerococcus_octavius,anaerococcus_octavius
1146,Ruminococcus_albus_AD2013,ruminococcus_albus_ad2013
1147,Anaerovibrio_sp_RM50,anaerovibrio_sp_rm50
1148,Proteocatella_sphenisci_DSM,proteocatella_sphenisci_dsm
1149,Desulfosporosinus_orientis_DSM,desulfosporosinus_orientis_dsm
1150,Massilistercora_timonensis,massilistercora_timonensis
1151,"Bacterium_MS4,_whole",bacterium_ms4_whole
1152,Lachnospiraceae_bacterium_2_1_46FAA,lachnospiraceae_bacterium_2_1_46faa
1153,Bittarella_massiliensis,bittarella_massiliensis
1154,Peptoniphilus_raoultii,peptoniphilus_raoultii
1155,"Lachnospiraceae_bacterium_KH1T2,",lachnospiraceae_bacterium_kh1t2
1156,GCF_000171335.1_ASM17133v1,epulopiscium_sp_'n.t.
1157,Proteiniclasticum_ruminis,proteiniclasticum_ruminis
1158,Intestinimonas_butyriciproducens,intestinimonas_butyriciproducens
1159,Brevibacillus_panacihumi_W25,brevibacillus_panacihumi_w25
1160,"Oscillibacter_sp_PC13,",oscillibacter_sp_pc13
1161,Paenibacillus_polymyxa,paenibacillus_polymyxa
1162,Oribacterium_parvum_ACB1,oribacterium_parvum_acb1
1163,Pygmaiobacter_massiliensis,pygmaiobacter_massiliensis
1164,Gemmiger_formicilis,gemmiger_formicilis
1165,Paenibacillus_zanthoxyli_JH29,paenibacillus_zanthoxyli_jh29
1166,Kyrpidia_spormannii,kyrpidia_spormannii
1167,Tumebacillus_flagellatus,tumebacillus_flagellatus
1168,Mitsuokella_jalaludinii_DSM,mitsuokella_jalaludinii_dsm
1169,Natranaerobius_trueperi,natranaerobius_trueperi
1170,Rubeoparvulum_massiliense,rubeoparvulum_massiliense
1171,Sulfobacillus_sp_hq2,sulfobacillus_sp_hq2
1172,Veillonella_seminalis_ACS-216-V-Col6b,veillonella_seminalis_acs-216-v-col6b
1173,"Clostridium_botulinum_BKT015925,",clostridium_botulinum_bkt015925
1174,"Clostridium_sp_ND2,",clostridium_sp_nd2
1175,Butyrivibrio_sp_AE3009,butyrivibrio_sp_ae3009
1176,Paenibacillus_sp_IHB,paenibacillus_sp_ihb
1177,Lachnospiraceae_bacterium_28-4,lachnospiraceae_bacterium_28-4
1178,Paenibacillus_sabinae_T27,paenibacillus_sabinae_t27
1179,Paenibacillus_wynnii,paenibacillus_wynnii
1180,"Oscillibacter_valericigenes_Sjm18-20,",oscillibacter_valericigenes_sjm18-20
1181,"Gottschalkia_acidurici_9a,",gottschalkia_acidurici_9a
1182,Butyrivibrio_sp_VCB2006,butyrivibrio_sp_vcb2006
1183,Lachnospiraceae_bacterium_AD3010,lachnospiraceae_bacterium_ad3010
1184,Lachnospiraceae_bacterium_TF01-11,lachnospiraceae_bacterium_tf01-11
1185,Dialister_pneumosintes,dialister_pneumosintes
1186,Caldanaerobius_fijiensis_DSM,caldanaerobius_fijiensis_dsm
1187,Clostridium_liquoris,clostridium_liquoris
1188,Paenibacillus_catalpae,paenibacillus_catalpae
1189,"Thermoanaerobacterium_xylanolyticum_LX-11,",thermoanaerobacterium_xylanolyticum_lx-11
1190,Paenibacillus_alginolyticus_DSM,paenibacillus_alginolyticus_dsm
1191,Thermovenabulum_gondwanense,thermovenabulum_gondwanense
1192,Butyrivibrio_sp_XPD2006,butyrivibrio_sp_xpd2006
1193,Caloranaerobacter_ferrireducens,caloranaerobacter_ferrireducens
1194,Tindallia_magadiensis,tindallia_magadiensis
1195,Desulfofarcimen_intricatum,desulfofarcimen_intricatum
1196,Propionispira_arboris,propionispira_arboris
1197,Paenibacillus_chondroitinus,paenibacillus_chondroitinus
1198,"Ruminococcaceae_bacterium_FB2012,",ruminococcaceae_bacterium_fb2012
1199,Ruminococcus_albus_8,ruminococcus_albus_8
1200,Peptostreptococcus_anaerobius_VPI,peptostreptococcus_anaerobius_vpi
1201,Paenibacillus_sp_HGH0039,paenibacillus_sp_hgh0039
1202,Brevibacillus_agri_5-2,brevibacillus_agri_5-2
1203,Massilioclostridium_coli,massilioclostridium_coli
1204,Risungbinella_massiliensis,risungbinella_massiliensis
1205,Paenibacillus_jamilae,paenibacillus_jamilae
1206,Proteiniclasticum_ruminis_DSM,proteiniclasticum_ruminis_dsm
1207,Lachnospiraceae_bacterium_AC2031,lachnospiraceae_bacterium_ac2031
1208,Paenibacillus_rhizosphaerae,paenibacillus_rhizosphaerae
1209,"populeti_743A,",populeti_743a
1210,Selenomonas_ruminantium_AB3002,selenomonas_ruminantium_ab3002
1211,Peptoniphilus_sp_ChDC,peptoniphilus_sp_chdc
1212,Clostridium_cochlearium,clostridium_cochlearium
